Task,Trace
Enable_the_large_mouse_pointer_in_the_Accessibility_settings,"[""Click on 'android:id/title' Accessibility 'android:id/summary' Screen readers, display, interaction controls"", ""Click on 'android:id/title' Large mouse pointer 'android:id/switch_widget' clickable Off""]"
Set_up_a_rule_to_silence_sounds_during_driving,"[""Click on clickable 'android:id/title' Sound 'android:id/summary' Volume, vibration, Do Not Disturb"", ""Click on clickable 'android:id/title' Do Not Disturb 'android:id/summary' Off / 2 schedules can turn on automatically"", ""Click on clickable 'android:id/title' Schedules 'android:id/summary' 2 schedules set"", ""Click on clickable 'android:id/title' Add more"", ""Click on clickable 'com.android.settings:id/title' Driving 'com.android.settings:id/subtitle' Google Play services""]"
Uninstall_the_google_earth_app,"[""Click on clickable 'android:id/title' Apps & notifications 'android:id/summary' Recent apps, default apps"", ""Click on 'com.android.settings:id/header_details' See all 28 apps"", ""Click on 'com.android.settings:id/search_app_list_menu' 'Search' enabled clickable"", ""Edit 'android:id/search_src_text' enabled editable Search with Google Earth"", ""Click on 'Google Earth' clickable 'android:id/title' Google Earth 'android:id/summary' 166 MB"", ""Click on 'com.android.settings:id/button2' Uninstall"", ""Click on 'android:id/button1' OK""]"
Clear_the_cache_of_the_camera_app_on_your_phone,"[""Click on clickable 'android:id/title' Apps & notifications 'android:id/summary' Recent apps, default apps"", ""Click on 'com.android.settings:id/header_details' SEE ALL 18 APPS"", ""Click on 'Camera' clickable 'android:id/title' Camera 'android:id/summary' 40.96 kB"", ""Click on clickable 'android:id/title' Storage & cache 'android:id/summary' 73.73 kB used in internal storage"", ""Click on 'com.android.settings:id/button2' CLEAR CACHE""]"
Turn_on_Airplane_mode_in_the_phone's_settings,"[""Click on 'android:id/title' Network & internet 'android:id/summary' Wi‑Fi, mobile, data usage, and hotspot"", ""Click on 'android:id/title' Airplane mode 'android:id/switch_widget' clickable Off""]"
Check_if_mobile_data_is_turned_on,"[""Click on 'android:id/title' Network & internet 'android:id/summary' Wi‑Fi, mobile, data usage, and hotspot"", ""Click on 'android:id/title' Mobile network 'android:id/summary' T-Mobile"", '上步操作没有响应，因此是错误的', ""Click on 'android:id/title' Airplane mode 'android:id/switch_widget' clickable On"", 'Navigate back due to error', ""Click on 'android:id/title' Airplane mode 'android:id/switch_widget' clickable On"", '上步操作没有响应，因此是错误的', ""Click on 'android:id/title' Airplane mode 'android:id/switch_widget' clickable On"", ""Click on 'android:id/title' Mobile network 'android:id/summary' T-Mobile""]"
Show_my_digital_wellbeing_data_of_how_much_time_I_used_my_phone_today,"['Scroll forward on android.widget.ScrollView', ""Click on clickable 'android:id/title' Digital Wellbeing & parental controls 'android:id/summary' Screen time, app timers, bedtime schedules""]"
Display_the_battery_percentage_in_the_status_bar_on_my_phone,"[""Click on 'android:id/title' Battery 'android:id/summary' 100%""]"
Access_the_notification_history_in_the_phone's_settings,"[""Click on 'android:id/title' Apps & notifications 'android:id/summary' Recent apps, default apps"", ""Click on 'android:id/title' Notifications 'android:id/summary' Notification history, bubbles, recently sent"", ""Click on 'android:id/title' Notification history 'android:id/summary' Show recent and snoozed notifications"", ""Click on 'com.android.settings:id/switch_bar' 'com.android.settings:id/switch_text' Use notification history 'com.android.settings:id/switch_widget' clickable Off""]"
Turn_off_location_on_your_phone,"[""Click on 'android:id/title' Location 'android:id/summary' On - 0 apps have access to location"", ""Click on 'com.android.settings:id/switch_bar' 'com.android.settings:id/switch_text' Use location 'com.android.settings:id/switch_widget' clickable On""]"
Automatically_free_up_storage_space,"[""Click on 'android:id/title' Storage 'android:id/summary' 26% used - 5.90 GB free"", 'Navigate back due to error', 'Scroll forward on android.widget.ScrollView', ""Click on 'android:id/title' Storage 'android:id/summary' 26% used - 5.90 GB free"", ""Click on 'android:id/title' Internal shared storage 'android:id/summary' 2.10 GB used of 8.00 GB"", ""Click on 'Storage manager' 'android:id/title' Storage manager 'com.android.settings:id/switchWidget' clickable Off""]"
Enable_colour_inversion_in_the_device's_Accessibility_settings,"['Scroll forward on android.widget.ScrollView', ""Click on 'android:id/title' Accessibility 'android:id/summary' Screen readers, display, interaction controls"", 'Scroll forward on androidx.recyclerview.widget.RecyclerView', 'Scroll forward on androidx.recyclerview.widget.RecyclerView', 'Navigate back due to error', 'Scroll forward on androidx.recyclerview.widget.RecyclerView', ""Click on 'android:id/title' Advanced 'android:id/summary' Color correction, Color inversion, Shortcut from lock screen"", 'Scroll forward on androidx.recyclerview.widget.RecyclerView', ""Click on 'android:id/title' Color inversion 'android:id/summary' Off"", ""Click on 'android:id/title' Use color inversion 'android:id/switch_widget' clickable Off""]"
Enable_Dark_theme_in_the_phone's_display_settings,"[""Click on 'android:id/title' Display 'android:id/summary' Wallpaper, sleep, font size"", ""Click on 'Dark theme' 'android:id/title' Dark theme 'android:id/summary' Off / Will never turn on automatically 'com.android.settings:id/switchWidget' clickable Off""]"
Change_the_notification_sound,"[""Click on 'android:id/title' Sound 'android:id/summary' Volume, vibration, Do Not Disturb"", 'Scroll forward on androidx.recyclerview.widget.RecyclerView', ""Click on 'android:id/title' Advanced 'android:id/summary' Default notification sound, Default alarm sound, Other sounds and vibrations"", ""Click on 'android:id/title' Default notification sound 'android:id/summary' Pixie Dust"", ""Click on 'android:id/button1' OK""]"
Turn_'Automatically_sync_my_app_data'_on,"[""Click on 'android:id/title' Accounts 'android:id/summary' No accounts added""]"
Open_the_keyboard_sounds_and_vibrations_settings_on_your_phone,"[""Click on 'android:id/title' Sound 'android:id/summary' Volume, vibration, Do Not Disturb"", 'Scroll forward on androidx.recyclerview.widget.RecyclerView', ""Click on 'android:id/title' Advanced 'android:id/summary' Default notification sound, Default alarm sound, Other sounds and vibrations"", 'Scroll forward on androidx.recyclerview.widget.RecyclerView', 'Scroll forward on androidx.recyclerview.widget.RecyclerView', '上步操作没有响应，因此是错误的', ""Click on 'android:id/title' Touch vibration 'android:id/summary' Haptic feedback for tap, keyboard, and more 'android:id/switch_widget' clickable On"", 'Scroll forward on androidx.recyclerview.widget.RecyclerView', '上步操作没有响应，因此是错误的', ""Click on 'android:id/title' Touch vibration 'android:id/summary' Haptic feedback for tap, keyboard, and more 'android:id/switch_widget' clickable Off"", 'Scroll forward on androidx.recyclerview.widget.RecyclerView', '上步操作没有响应，因此是错误的', ""Click on 'android:id/title' Touch vibration 'android:id/summary' Haptic feedback for tap, keyboard, and more 'android:id/switch_widget' clickable On"", 'Scroll forward on androidx.recyclerview.widget.RecyclerView', '上步操作没有响应，因此是错误的', ""Click on 'android:id/title' Touch vibration 'android:id/summary' Haptic feedback for tap, keyboard, and more 'android:id/switch_widget' clickable Off"", 'Scroll forward on androidx.recyclerview.widget.RecyclerView', '上步操作没有响应，因此是错误的', 'Scroll forward on androidx.recyclerview.widget.RecyclerView', '上步操作没有响应，因此是错误的', ""Click on 'android:id/title' Touch vibration 'android:id/summary' Haptic feedback for tap, keyboard, and more 'android:id/switch_widget' clickable On""]"
Set_screen_lock_to_number_code_'1111'_on_the_phone.,"['Scroll forward on android.widget.ScrollView', ""Click on 'android:id/title' Security 'android:id/summary' Screen lock, fingerprint"", ""Click on 'android:id/title' Screen lock 'android:id/summary' None"", ""Click on 'com.android.settings:id/lock_pin' 'android:id/title' PIN"", ""Edit 'com.android.settings:id/password_entry' 'PIN' enabled editable with 1111"", 'Click on enabled NEXT', ""Edit 'com.android.settings:id/password_entry' 'PIN' enabled editable with 1111"", 'Click on enabled CONFIRM', 'Click on enabled DONE']"
Add_language_Brezhoneg_on_your_device,"[""Click on 'android:id/title' System 'android:id/summary' Languages, gestures, time, backup"", ""Click on 'android:id/title' Languages & input 'android:id/summary' Android Keyboard (AOSP)"", ""Click on 'android:id/title' Languages 'android:id/summary' English (United States)"", ""Click on 'com.android.settings:id/add_language' Add a language"", ""Click on 'android:id/locale_search_menu' 'Search' enabled"", ""Edit 'android:id/search_src_text' enabled editable Type language name with Brezhoneg"", ""Click on 'android:id/locale' 'Breton' enabled Brezhoneg""]"
Turn_on_the_hotspot_on_your_phone,"['Scroll forward on android.widget.ScrollView', 'Scroll forward on android.widget.ScrollView', '上步操作没有响应，因此是错误的', 'Navigate back due to error', ""Click on 'android:id/title' Accessibility 'android:id/summary' Screen readers, display, interaction controls"", 'Scroll forward on androidx.recyclerview.widget.RecyclerView', 'Scroll forward on androidx.recyclerview.widget.RecyclerView', '上步操作没有响应，因此是错误的', 'Navigate back due to error', 'Navigate back due to error', ""Click on 'android:id/title' System 'android:id/summary' Languages, gestures, time, backup"", 'Navigate back due to error', ""Click on 'android:id/title' System 'android:id/summary' Languages, gestures, time, backup"", 'Navigate back due to error', ""Click on 'android:id/title' Google 'android:id/summary' Services & preferences"", 'Navigate back due to error', ""Click on 'android:id/title' Google 'android:id/summary' Services & preferences"", 'Navigate back due to error', ""Click on 'android:id/title' Security 'android:id/summary' Screen lock, fingerprint"", 'Navigate back due to error', ""Click on 'android:id/title' Location 'android:id/summary' On - 0 apps have access to location"", 'Navigate back due to error', ""Click on 'android:id/summary' Volume, vibration, Do Not Disturb"", ""Click on 'android:id/title' Hotspot & tethering 'android:id/summary' Off"", ""Click on 'android:id/title' Wi‑Fi hotspot 'android:id/summary' Not sharing internet or content with other devices"", ""Click on 'com.android.settings:id/switch_bar' 'com.android.settings:id/switch_text' Off 'com.android.settings:id/switch_widget' clickable Off""]"
Turn_on_severe_threats_in_wireless_emergency_alerts_on_your_phone,"['Scroll forward on android.widget.ScrollView', 'Scroll forward on android.widget.ScrollView', 'Scroll forward on android.widget.ScrollView', '上步操作没有响应，因此是错误的', ""Click on clickable 'android:id/title' Accessibility 'android:id/summary' Screen readers, display, interaction controls"", 'Scroll forward on androidx.recyclerview.widget.RecyclerView', 'Scroll forward on androidx.recyclerview.widget.RecyclerView', 'Navigate back due to error', 'Navigate back due to error', 'Navigate back due to error', 'Navigate back due to error', ""Click on clickable 'android:id/title' Accessibility 'android:id/summary' Screen readers, display, interaction controls""]"
Open_the_sounds_settings_on_your_phone,"[""Click on 'android:id/title' Sound 'android:id/summary' Volume, vibration, Do Not Disturb""]"
Enable_the_'Turn_on_Wi-Fi_automatically'_feature_in_the_phone's_network_preference,"[""Click on 'android:id/title' Network & internet 'android:id/summary' Wi‑Fi, mobile, data usage, and hotspot"", ""Click on 'android:id/title' Advanced 'android:id/summary' Data Saver, VPN, Private DNS"", 'Navigate back due to error', ""Click on 'Wi‑Fi' 'android:id/title' Wi‑Fi 'android:id/summary' Not connected 'com.android.settings:id/switchWidget' clickable On"", ""Click on 'android:id/title' Wi‑Fi preferences 'android:id/summary' Wi‑Fi turns back on automatically""]"
Set_a_data_warning_to_receive_alerts_about_data_usage,"[""Click on 'android:id/title' Network & internet 'android:id/summary' Wi‑Fi, mobile, data usage, and hotspot"", ""Click on 'android:id/title' Advanced 'android:id/summary' Data Saver, VPN, Private DNS"", 'Navigate back due to error', ""Click on 'android:id/title' Mobile network 'android:id/summary' T-Mobile"", ""Click on 'android:id/title' Data warning & limit""]"
"Change_phone_unlock_method_to_PIN,_0000","[""Click on 'android:id/title' Security 'android:id/summary' Screen lock, fingerprint"", ""Click on 'android:id/title' Screen lock 'android:id/summary' None"", ""Click on 'com.android.settings:id/lock_pin' 'android:id/title' PIN"", ""Edit 'com.android.settings:id/password_entry' 'PIN' enabled editable with 0000"", 'Click on NEXT', ""Edit 'com.android.settings:id/password_entry' 'PIN' enabled editable with 0000"", 'Click on CONFIRM']"
Open_the_interrupt_settings_for_the_'Do_Not_Disturb'_mode_on_an_Android_phone,"[""Click on 'android:id/title' Sound 'android:id/summary' Volume, vibration, Do Not Disturb"", ""Click on 'android:id/title' Do Not Disturb 'android:id/summary' Off / 1 schedule can turn on automatically"", ""Click on 'android:id/title' People 'android:id/summary' Some people can interrupt"", 'Navigate back due to error', 'Scroll forward on androidx.recyclerview.widget.RecyclerView', ""Click on 'android:id/title' Advanced 'android:id/summary' Duration for Quick Settings, Display options for hidden notifications"", ""Click on 'android:id/title' Alarms & other interruptions 'android:id/summary' Alarms and media can interrupt""]"
Adjust_the_display_size_to_large_on_the_device,"[""Click on 'android:id/title' Display 'android:id/summary' Wallpaper, sleep, font size"", ""Click on 'android:id/title' Advanced 'android:id/summary' Font size, Display size, Screen saver, Lock screen"", ""Click on 'android:id/title' Display size 'android:id/summary' Default"", ""Click on 'Large' enabled not_checked""]"
Check_available_storage_on_the_phone,"[""Click on 'android:id/title' Storage 'android:id/summary' 26% used - 5.90 GB free""]"
Check_if_location_is_turned_on,"[""Click on 'android:id/title' Location 'android:id/summary' On - 0 apps have access to location""]"
Open_the_vibration_settings_on_the_device,"[""Click on 'android:id/title' Sound 'android:id/summary' Volume, vibration, Do Not Disturb"", 'Scroll forward on androidx.recyclerview.widget.RecyclerView', ""Click on 'android:id/title' Advanced 'android:id/summary' Default notification sound, Default alarm sound, Other sounds and vibrations"", 'Scroll forward on androidx.recyclerview.widget.RecyclerView', ""Click on 'android:id/title' Touch vibration 'android:id/summary' Haptic feedback for tap, keyboard, and more 'android:id/switch_widget' clickable Off""]"
Open_the_date_&_time_settings_on_your_phone,"['Scroll forward on android.widget.ScrollView', ""Click on 'android:id/title' System 'android:id/summary' Languages, gestures, time, backup"", ""Click on 'android:id/title' Date & time 'android:id/summary' GMT+00:00""]"
Open_app_permissions_on_the_phone,"[""Click on 'android:id/title' Privacy 'android:id/summary' Permissions, account activity, personal data"", ""Click on 'android:id/title' Permission manager 'android:id/summary' Control app access to your data""]"
Check_if_'Find_My_Device'_is_turned_on_in_device_settings,"[""Click on 'android:id/title' Security 'android:id/summary' Screen lock, fingerprint""]"
Turn_on_Bluetooth_on_your_phone,"[""Click on 'android:id/title' Connected devices 'android:id/summary' Bluetooth"", ""Click on 'android:id/title' Connection preferences 'android:id/summary' Bluetooth"", ""Click on 'android:id/title' Bluetooth""]"
Clear_the_cache_and_data_in_Google,"[""Click on clickable 'android:id/title' Apps & notifications 'android:id/summary' Recent apps, default apps"", ""Click on 'com.android.settings:id/header_details' SEE ALL 18 APPS"", ""Click on 'com.android.settings:id/search_app_list_menu' 'Search' enabled clickable"", ""Edit 'android:id/search_src_text' enabled editable Search with Google"", ""Click on 'Google Play services' clickable 'android:id/title' Google Play services 'android:id/summary' 21.15 MB"", ""Click on clickable 'android:id/title' Storage & cache 'android:id/summary' 21.53 MB used in internal storage"", ""Click on 'com.android.settings:id/button2' CLEAR CACHE"", ""Click on 'com.android.settings:id/button1' CLEAR STORAGE"", ""Click on 'com.google.android.gms:id/clear_all_data' CLEAR ALL DATA"", ""Click on 'android:id/button1' OK""]"
Check_if_location_is_on,['Scroll forward on android.widget.ScrollView']
"Enable_""Usage_&_diagnostics""_in_device_Google_settings.","[""Click on clickable 'android:id/title' Privacy 'android:id/summary' Permissions, account activity, personal data"", ""Click on clickable 'android:id/title' Advanced 'android:id/summary' App content, Autofill service from Google, Google location history, Activity controls, Ads, Usage & diagnostics"", 'Scroll forward on androidx.recyclerview.widget.RecyclerView', ""Click on clickable 'android:id/title' Usage & diagnostics 'android:id/summary' Share data to help improve Android"", ""Click on 'com.google.android.gms:id/switch_bar' 'Off' clickable Off 'com.google.android.gms:id/toggle' clickable Off""]"
check_for_android_updates_in_system_settings,"[""Click on <div id=7 class=''  > System\n    <p> Languages, gestures, time, backup </p> </div>\n"", ""Click on <div id=9 class=''  > System update\n    <p> Updated to Android 14 </p> </div>\n"", ""Click on <div id=1 class=''  > Check for update </div>\n""]"
Enable_the_dark_color_scheme_on_your_Android_phone,"[""Click on 'android:id/title' Display 'android:id/summary' Wallpaper, sleep, font size""]"
Check_if_there_is_VPN_on_your_phone,"[""Click on 'android:id/title' Network & internet 'android:id/summary' Wi‑Fi, mobile, data usage, and hotspot"", ""Click on 'android:id/title' Advanced 'android:id/summary' Data Saver, VPN, Private DNS""]"
Enable_notification_bubbles_in_the_phone's_settings,"[""Click on 'android:id/title' Apps & notifications 'android:id/summary' Recent apps, default apps"", ""Click on 'android:id/title' Notifications 'android:id/summary' Notification history, bubbles, recently sent"", ""Click on 'android:id/title' Bubbles 'android:id/summary' On / Conversations can appear as floating icons""]"
Check_if_the_Wi-Fi_hotspot_is_enabled_on_the_phone,"[""Click on 'android:id/title' Network & internet 'android:id/summary' Wi‑Fi, mobile, data usage, and hotspot""]"
Turn_on_Mono_Audio_in_the_Accessibility_Settings,"['Scroll forward on android.widget.ScrollView', ""Click on 'android:id/title' Accessibility 'android:id/summary' Screen readers, display, interaction controls"", 'Scroll forward on androidx.recyclerview.widget.RecyclerView', 'Scroll forward on androidx.recyclerview.widget.RecyclerView', ""Click on 'android:id/title' Mono audio 'android:id/summary' Combine channels when playing audio 'android:id/switch_widget' clickable Off""]"
Check_Find_My_Device_is_turned_on,"['Scroll forward on android.widget.ScrollView', ""Click on 'android:id/title' Security 'android:id/summary' Screen lock, fingerprint""]"
Set_up_an_event_named_'busy'_in_the_Do_Not_Disturb,"[""Click on 'android:id/title' Sound 'android:id/summary' Volume, vibration, Do Not Disturb"", ""Click on 'android:id/title' Do Not Disturb 'android:id/summary' Off"", ""Click on 'android:id/title' Schedules 'android:id/summary' None"", ""Click on 'android:id/title' Add more"", ""Click on 'com.android.settings:id/title' Event"", ""Edit 'com.android.settings:id/zen_mode_rule_name' enabled editable Enter schedule name with busy"", ""Click on 'android:id/button1' ADD""]"
Clear_cache_and_data_from_Google_Play_Services_on_your_device,"[""Click on 'android:id/title' Apps & notifications 'android:id/summary' Recent apps, default apps"", ""Click on 'com.android.settings:id/header_details' SEE ALL 18 APPS"", 'Scroll forward on androidx.recyclerview.widget.RecyclerView', ""Click on 'Google Play services' 'android:id/title' Google Play services 'android:id/summary' 31.13 MB"", ""Click on 'android:id/title' Storage & cache 'android:id/summary' 31.66 MB used in internal storage"", ""Click on 'com.android.settings:id/button2' CLEAR CACHE"", ""Click on 'com.android.settings:id/button2' CLEAR CACHE"", '上步操作没有响应，因此是错误的', ""Click on 'com.android.settings:id/button1' CLEAR STORAGE"", ""Click on 'com.google.android.gms:id/clear_all_data' CLEAR ALL DATA"", ""Click on 'android:id/button1' OK""]"
Enable_app_pinning_in_the_phone's_security_settings,"[""Click on 'android:id/title' Security 'android:id/summary' Screen lock, fingerprint"", 'Scroll forward on androidx.recyclerview.widget.RecyclerView', ""Click on 'android:id/title' Advanced 'android:id/summary' Trust agents, App pinning"", 'Scroll forward on androidx.recyclerview.widget.RecyclerView', ""Click on 'android:id/title' App pinning 'android:id/summary' Off"", ""Click on 'com.android.settings:id/switch_bar' 'com.android.settings:id/switch_text' Off 'com.android.settings:id/switch_widget' clickable Off"", ""Click on 'android:id/button1' OK""]"
Change_the_phone_ringtong,"[""Click on 'android:id/title' Sound 'android:id/summary' Volume, vibration, Do Not Disturb"", 'Scroll forward on androidx.recyclerview.widget.RecyclerView', ""Click on 'android:id/title' Phone ringtone 'android:id/summary' Flutey Phone"", ""Click on Flutey Phone 'com.android.soundpicker:id/checked_text_view' Flutey Phone On"", '上步操作没有响应，因此是错误的', ""Click on 'android:id/button1' OK"", ""Click on 'android:id/title' Phone ringtone 'android:id/summary' Flutey Phone"", ""Click on 'android:id/button1' OK"", ""Click on 'android:id/title' Phone ringtone 'android:id/summary' Flutey Phone""]"
Disable_lock_screen_notifications_in_the_phone's_settings_app.,"[""Click on 'android:id/title' Apps & notifications 'android:id/summary' Recent apps, default apps"", ""Click on 'android:id/title' Notifications 'android:id/summary' Notification history, bubbles, recently sent"", 'Scroll forward on androidx.recyclerview.widget.RecyclerView', ""Click on 'android:id/title' Notifications on lock screen 'android:id/summary' Show conversations, default, and silent"", ""Click on 'com.android.settings:id/text1' Don’t show any notifications Off""]"
Turn_on_and_connect_to_a_Wi-Fi,"[""Click on clickable 'android:id/title' Network & internet 'android:id/summary' Wi‑Fi, mobile, data usage, and hotspot"", ""Click on 'Wi‑Fi' clickable 'android:id/title' Wi‑Fi 'android:id/summary' AndroidWifi 'com.android.settings:id/switchWidget' clickable On""]"
Enable_location_permission_for_the_Google_Map_service_on_an_Android_device,"[""Click on clickable 'android:id/title' Privacy 'android:id/summary' Permissions, account activity, personal data"", ""Click on clickable 'android:id/title' Permission manager 'android:id/summary' Control app access to your data"", ""Click on clickable 'android:id/title' Location 'android:id/summary' 0 of 6 apps allowed"", ""Click on 'Maps' clickable 'android:id/title' 'Maps' Maps"", ""Click on 'com.android.permissioncontroller:id/allow_foreground_only_radio_button' enabled not_checked clickable Allow only while using the app""]"
Access_and_modify_location_settings,"[""Click on 'android:id/title' Location 'android:id/summary' On - 0 apps have access to location"", ""Click on 'android:id/title' App access to location 'android:id/summary' 0 of 6 apps have access to location"", ""Click on 'Phone' 'android:id/title' 'Phone' Phone"", ""Click on 'com.android.permissioncontroller:id/allow_foreground_only_radio_button' enabled not_checked Allow only while using the app""]"
Clear_the_data_of_Calendar,"[""Click on 'android:id/title' Apps & notifications 'android:id/summary' Recent apps, default apps"", ""Click on 'com.android.settings:id/header_details' SEE ALL 18 APPS"", ""Click on 'Calendar' 'android:id/title' Calendar 'android:id/summary' 49.15 kB"", ""Click on 'android:id/title' Storage & cache 'android:id/summary' 81.92 kB used in internal storage"", ""Click on 'com.android.settings:id/button1' CLEAR STORAGE"", ""Click on 'android:id/button1' OK""]"
Turn_the_printing_service_on_in_connected_devices_settings_on_your_phone,"[""Click on clickable 'android:id/title' Connected devices 'android:id/summary' Bluetooth"", 'Scroll forward on androidx.recyclerview.widget.RecyclerView', '上步操作没有响应，因此是错误的', ""Click on clickable 'android:id/title' Pair new device 'android:id/summary' Bluetooth will turn on to pair"", 'Navigate back due to error', ""Click on clickable 'android:id/title' Connection preferences 'android:id/summary' Bluetooth"", ""Click on clickable 'android:id/title' Printing 'android:id/summary' 1 print service on"", ""Click on clickable 'android:id/title' Add service""]"
Enable_quick_open_camera,"['Scroll forward on android.widget.ScrollView', ""Click on 'android:id/title' System 'android:id/summary' Languages, gestures, time, backup"", ""Click on 'android:id/title' Gestures"", ""Click on 'android:id/title' Quickly open camera 'android:id/summary' Off"", ""Click on 'android:id/title' Quickly open camera 'android:id/summary' To quickly open camera, press the power button twice. Works from any screen. 'android:id/switch_widget' clickable Off""]"
Clear_the_cache_for_the_Contacts_app_on_the_phone,"[""Click on 'android:id/title' Apps & notifications 'android:id/summary' Recent apps, default apps"", ""Click on 'com.android.settings:id/header_details' SEE ALL 18 APPS"", ""Click on 'Contacts' 'android:id/title' Contacts 'android:id/summary' 32.77 kB"", ""Click on 'android:id/title' Storage & cache 'android:id/summary' 65.54 kB used in internal storage"", ""Click on 'com.android.settings:id/button2' CLEAR CACHE""]"
Open_the_mobile_network_setting,"[""Click on 'android:id/title' Network & internet 'android:id/summary' Wi‑Fi, mobile, data usage, and hotspot"", ""Click on 'android:id/title' Mobile network 'android:id/summary' T-Mobile""]"
Confirm_if_adaptive_battery_is_enabled,"[""Click on 'android:id/title' Battery 'android:id/summary' 100%"", ""Click on 'android:id/title' Battery Manager 'android:id/summary' On / Detecting when apps drain battery""]"
Enable_the_Wi-Fi_hotspot_on_your_phone_for_sharing_mobile_connection,"[""Click on 'android:id/title' Network & internet 'android:id/summary' Wi‑Fi, mobile, data usage, and hotspot"", ""Click on 'android:id/title' Hotspot & tethering 'android:id/summary' Off"", ""Click on 'android:id/title' Wi‑Fi hotspot 'android:id/summary' Not sharing internet or content with other devices"", ""Click on 'com.android.settings:id/switch_bar' 'com.android.settings:id/switch_text' Off 'com.android.settings:id/switch_widget' clickable Off""]"
Remove_user_certificates_from_the_device_if_any,"['Scroll forward on android.widget.ScrollView', ""Click on 'android:id/title' Security 'android:id/summary' Screen lock, fingerprint"", ""Click on 'android:id/title' Encryption & credentials"", ""Click on 'android:id/title' Clear credentials 'android:id/summary' Remove all certificates"", ""Click on 'android:id/button1' enabled OK""]"
Access_the_app_data_usage_information_of_chrome,"[""Click on clickable 'android:id/title' Network & internet 'android:id/summary' Wi‑Fi, mobile, data usage, and hotspot"", ""Click on clickable 'android:id/title' Mobile network 'android:id/summary' T-Mobile"", ""Click on clickable 'android:id/title' App data usage 'android:id/summary' 29.79 MB used Nov 4 – Dec 3"", 'Scroll forward on androidx.recyclerview.widget.RecyclerView']"
Check_data_usage_on_the_device,"[""Click on clickable 'android:id/title' Network & internet 'android:id/summary' Wi‑Fi, mobile, data usage, and hotspot"", ""Click on clickable 'android:id/title' Mobile network 'android:id/summary' T-Mobile""]"
Check_the_storage_usage_of_photos_on_the_phone,"[""Click on 'android:id/title' Storage 'android:id/summary' 26% used - 5.90 GB free"", ""Click on 'android:id/title' Internal shared storage 'android:id/summary' 2.10 GB used of 8.00 GB""]"
Disable_the_schedule_for_the_battery_saver_mode_on_the_phone,"[""Click on 'android:id/title' Battery 'android:id/summary' 100%"", ""Click on 'android:id/title' Battery Saver 'android:id/summary' Off"", ""Click on 'android:id/title' Set a schedule 'android:id/summary' No schedule""]"
Add_a_language_Brezhoneg_on_your_device,"[""Click on 'android:id/title' System 'android:id/summary' Languages, gestures, time, backup"", ""Click on 'android:id/title' Languages & input 'android:id/summary' Android Keyboard (AOSP)"", ""Click on 'android:id/title' Languages 'android:id/summary' English (United States)"", ""Click on 'com.android.settings:id/add_language' Add a language"", ""Click on 'android:id/locale_search_menu' 'Search' enabled"", ""Edit 'android:id/search_src_text' enabled editable Type language name with Brezhoneg"", ""Click on 'android:id/locale' 'Breton' enabled Brezhoneg""]"
Turn_the_location_setting_on_for_your_phone,"[""Click on 'android:id/title' Location 'android:id/summary' On - 1 app has access to location""]"
Remove_screen_lock_protection_on_the_phone,"['Scroll forward on android.widget.ScrollView', ""Click on 'android:id/title' Security 'android:id/summary' Screen lock, fingerprint"", ""Click on 'android:id/title' Screen lock 'android:id/summary' None""]"
Disable_notifications_on_the_lock_screen,"[""Click on 'android:id/title' Apps & notifications 'android:id/summary' Recent apps, default apps"", ""Click on 'android:id/title' Notifications 'android:id/summary' Notification history, bubbles, recently sent"", 'Scroll forward on androidx.recyclerview.widget.RecyclerView', ""Click on 'android:id/title' Notifications on lock screen 'android:id/summary' Show conversations, default, and silent"", ""Click on 'com.android.settings:id/text1' Don’t show any notifications Off""]"
change_inbox_type_to_default_type_in_the_gmail_app,"[""Click on <div id=1 class='' description='Open navigation drawer' enabled  >  </div>\n"", ""Click on <div id=18 class='com.google.android.gm:id/hub_drawer_label_container'  > Settings </div>\n"", ""Click on <div id=5 class=''  > ch1065541008@gmail.com </div>\n""]"
Allow_clock_app_to_use_mobile_data_while_Data_Saver_is_on,"[""Click on 'android:id/title' Network & internet 'android:id/summary' Wi‑Fi, mobile, data usage, and hotspot"", ""Click on 'android:id/title' Advanced 'android:id/summary' Data Saver, VPN, Private DNS"", ""Click on 'android:id/title' Data Saver 'android:id/summary' On"", ""Click on 'android:id/title' Unrestricted data 'android:id/summary' 1 app allowed to use unrestricted data when Data Saver is on"", ""Click on 'android:id/title' Clock 'android:id/switch_widget' clickable Off""]"
Reset_all_network_settings_on_the_phone,"[""Click on clickable 'android:id/title' Network & internet 'android:id/summary' Wi‑Fi, mobile, data usage, and hotspot"", ""Click on clickable 'android:id/title' Advanced 'android:id/summary' Data Saver, VPN, Private DNS"", 'Navigate back due to error', 'Navigate back due to error', 'Scroll forward on android.widget.ScrollView', 'Scroll forward on android.widget.ScrollView', ""Click on clickable 'android:id/title' System 'android:id/summary' Languages, gestures, time, backup"", ""Click on clickable 'android:id/title' Advanced 'android:id/summary' Reset options, Multiple users, Developer options, System update"", ""Click on clickable 'android:id/title' Reset options 'android:id/summary' Network, apps, or device can be reset"", ""Click on clickable 'android:id/title' Reset Wi-Fi, mobile & Bluetooth"", ""Click on 'com.android.settings:id/initiate_reset_network' Reset settings"", ""Click on 'com.android.settings:id/execute_reset_network' Reset settings""]"
Enable_Bluetooth_tethering_on_other_devices_using_phone's_connection,"[""Click on clickable 'android:id/title' Network & internet 'android:id/summary' Wi‑Fi, mobile, data usage, and hotspot"", ""Click on clickable 'android:id/title' Hotspot & tethering 'android:id/summary' Off"", ""Click on clickable 'android:id/title' Bluetooth tethering 'android:id/summary' Share phone’s internet connection via Bluetooth 'android:id/switch_widget' clickable Off""]"
Check_mobile_data_usage_on_your_phone.,"[""Click on 'android:id/title' Network & internet 'android:id/summary' Wi‑Fi, mobile, data usage, and hotspot"", ""Click on 'android:id/title' Mobile network 'android:id/summary' T-Mobile""]"
Change_the_device_navigation_to_2-buttons_in_the_Settings_app,"['Scroll forward on android.widget.ScrollView', ""Click on 'android:id/title' System 'android:id/summary' Languages, gestures, time, backup"", ""Click on 'android:id/title' Gestures"", ""Click on 'android:id/title' System navigation 'android:id/summary' Gesture navigation"", ""Click on 'android:id/checkbox' enabled not_checked 'android:id/title' 2-button navigation 'android:id/summary' To switch apps, swipe up on the Home button. To see all apps, swipe up again. To go back, tap the back button.""]"
Disable_Camera's_permission_access_to_Microphone_in_setting,"[""Click on 'android:id/title' Privacy 'android:id/summary' Permissions, account activity, personal data"", ""Click on 'android:id/title' Permission manager 'android:id/summary' Control app access to your data"", 'Scroll forward on androidx.recyclerview.widget.RecyclerView', ""Click on 'android:id/title' Location 'android:id/summary' 1 of 6 apps allowed"", 'Scroll forward on androidx.recyclerview.widget.RecyclerView', 'Scroll forward on androidx.recyclerview.widget.RecyclerView', '上步操作没有响应，因此是错误的', 'Navigate back due to error', 'Navigate back due to error', ""Click on 'android:id/title' Microphone 'android:id/summary' 2 of 6 apps allowed"", ""Click on 'Camera' 'android:id/title' 'Camera' Camera"", ""Click on 'com.android.permissioncontroller:id/deny_radio_button' enabled not_checked Deny"", ""Click on 'android:id/button1' DENY ANYWAY""]"
change_timer_sound_to_Argon,"[""Click on <button id=1 class='com.google.android.deskclock:id/overflow_action_button' description='More options' >  </button>\n"", ""Click on <div id=2 class=''  > Settings </div>\n"", ""Click on <div id=9 class=''  > Timer sound\n    <p> Timer Expired </p> </div>\n"", ""Click on <div id=6 class=''  enabled  > Argon </div>\n""]"
Set_a_time_limit_of_1_hour_30_min_for_Chrome_in_Digital_Wellbeing_&_parental_controls,"['Scroll forward on android.widget.ScrollView', ""Click on 'android:id/title' Digital Wellbeing & parental controls 'android:id/summary' Screen time, app timers, bedtime schedules"", ""Click on 'com.google.android.apps.wellbeing:id/title' Dashboard 'com.google.android.apps.wellbeing:id/summary' No timers set"", ""Click on 'com.google.android.apps.wellbeing:id/show_all_apps_text' Show all 18 apps"", 'Scroll forward on android.widget.ScrollView', ""Click on 'Used for 0 minutes,No timer set for Chrome' 'com.google.android.apps.wellbeing:id/app_label' Chrome 'com.google.android.apps.wellbeing:id/app_time' 'Used for 0 minutes' 0 minutes 'com.google.android.apps.wellbeing:id/limit_button' 'No timer set for Chrome'"", 'Click on 1 hr', ""Click on 'android:id/button1' OK"", 'Scroll forward on android.widget.ScrollView']"
Disable_auto-rotate_screen_in_device_setting,"[""Click on 'android:id/title' Display 'android:id/summary' Wallpaper, sleep, font size""]"
Change_location_permissions_to_disabled,"[""Click on 'android:id/title' Location 'android:id/summary' Off""]"
Check_Wi-Fi_connection_status,"[""Click on 'android:id/title' Network & internet 'android:id/summary' Wi‑Fi, mobile, data usage, and hotspot""]"
Change_the_Bluetooth_name_on_your_phone_to_jack.,"[""Click on 'android:id/title' Connected devices 'android:id/summary' Bluetooth, Android Auto"", ""Click on 'android:id/title' Connection preferences 'android:id/summary' Bluetooth, Android Auto"", ""Click on 'android:id/title' Bluetooth"", ""Click on 'android:id/title' Device name 'android:id/summary' sdk_gphone_arm64"", ""Edit 'com.android.settings:id/edittext' enabled editable sdk_gphone_arm64 with jack"", ""Click on 'android:id/button1' enabled Rename""]"
Enable_Wifi_hotspot,"[""Click on clickable 'android:id/title' Network & internet 'android:id/summary' Wi‑Fi, mobile, data usage, and hotspot"", ""Click on clickable 'android:id/title' Hotspot & tethering 'android:id/summary' Off"", ""Click on clickable 'android:id/title' Wi‑Fi hotspot 'android:id/summary' Not sharing internet or content with other devices"", ""Click on 'com.android.settings:id/switch_bar' clickable 'com.android.settings:id/switch_text' Off 'com.android.settings:id/switch_widget' clickable Off""]"
Set_the_duration_for_'Do_Not_Disturb'_on_your_phone_to_1_hour.,"[""Click on 'android:id/title' Sound 'android:id/summary' Volume, vibration, Do Not Disturb"", ""Click on 'android:id/title' Do Not Disturb 'android:id/summary' Off"", ""Click on 'android:id/title' Advanced 'android:id/summary' Duration for Quick Settings, Display options for hidden notifications"", ""Click on 'android:id/title' Duration for Quick Settings 'android:id/summary' Until you turn off"", ""Click on 'android:id/content' 'android:id/text1' For 1 hour"", ""Click on 'android:id/button1' enabled OK""]"
Access_location_settings,"[""Click on 'android:id/title' Location 'android:id/summary' On - 0 apps have access to location"", ""Click on 'android:id/title' App access to location 'android:id/summary' 0 of 6 apps have access to location"", ""Click on 'Phone' 'android:id/title' 'Phone' Phone"", ""Click on 'com.android.permissioncontroller:id/allow_foreground_only_radio_button' enabled not_checked Allow only while using the app""]"
Allow_emergency_broadcast_alerts_on_the_phone,"[""Click on clickable 'android:id/title' Apps & notifications 'android:id/summary' Recent apps, default apps"", ""Click on clickable 'android:id/title' Advanced 'android:id/summary' Permission manager, Wireless emergency alerts, Special app access"", ""Click on clickable 'android:id/title' Wireless emergency alerts"", ""Click on clickable 'android:id/title' State and local tests 'android:id/summary' Receive test messages from state and local authorities 'android:id/switch_widget' clickable Off""]"
Open_security_settings_on_your_phone,"[""Click on 'android:id/title' Security 'android:id/summary' Screen lock, fingerprint"", 'Scroll forward on androidx.recyclerview.widget.RecyclerView']"
Open_the_screen_timeout_settings_on_your_phone,"[""Click on 'android:id/title' Display 'android:id/summary' Wallpaper, sleep, font size"", ""Click on 'android:id/title' Screen timeout"", ""Click on 'com.android.settings:id/text1' 30 seconds Off""]"
Open_the_accessbility_setting,"[""Click on 'android:id/title' Accessibility 'android:id/summary' Screen readers, display, interaction controls""]"
Open_the_privacy_settings_on_the_phone,"[""Click on 'android:id/title' Privacy 'android:id/summary' Permissions, account activity, personal data""]"
Remove_the_Google_account_kinnplh_from_the_phone,"['Scroll forward on android.widget.ScrollView', ""Click on clickable 'android:id/title' Accounts 'android:id/summary' Google"", ""Click on clickable 'android:id/title' kinnplh@gmail.com 'android:id/summary' Google"", ""Click on 'com.android.settings:id/button' Remove account""]"
Remove_the_saved_network_'AndroidWifi'_from_the_device,"[""Click on clickable 'android:id/title' Network & internet 'android:id/summary' Wi‑Fi, mobile, data usage, and hotspot"", ""Click on 'Wi‑Fi' clickable 'android:id/title' Wi‑Fi 'android:id/summary' AndroidWifi / No internet 'com.android.settings:id/switchWidget' clickable On"", ""Click on clickable 'android:id/title' Saved networks 'android:id/summary' 1 network"", ""Click on 'AndroidWifi,Metered,Wifi signal full.,Open network' clickable 'android:id/title' AndroidWifi 'android:id/summary' Metered"", ""Click on 'com.android.settings:id/button1' Forget""]"
Share_Wi-Fi_information_of_AndroidWifi_using_a_QR_code,"[""Click on clickable 'android:id/title' Network & internet 'android:id/summary' Wi‑Fi, mobile, data usage, and hotspot"", ""Click on 'Wi‑Fi' clickable 'android:id/title' Wi‑Fi 'android:id/summary' AndroidWifi 'com.android.settings:id/switchWidget' clickable On"", ""Click on 'AndroidWifi,Connected,Wifi signal full.,Open network,Settings' clickable 'android:id/title' AndroidWifi 'android:id/summary' Connected"", ""Click on 'com.android.settings:id/button4' SHARE""]"
Enable_emergency_location_service_on_the_phone,"[""Click on 'android:id/title' Location 'android:id/summary' Off"", ""Click on 'com.android.settings:id/switch_bar' 'com.android.settings:id/switch_text' Use location 'com.android.settings:id/switch_widget' clickable Off"", ""Click on 'android:id/title' Advanced 'android:id/summary' Emergency Location Service, Google Location Accuracy, Google Location History, Google Location Sharing"", ""Click on 'android:id/title' Emergency Location Service""]"
"Pair_a_Bluetooth_device_if_any,_no_need_to_wait","[""Click on 'android:id/title' Connected devices 'android:id/summary' Bluetooth, Android Auto"", ""Click on 'android:id/title' Pair new device"", ""Click on 'Bluetooth' 'android:id/title' gDevice-beacon""]"
Open_display_settings_on_the_phone,"[""Click on 'android:id/title' Display 'android:id/summary' Wallpaper, sleep, font size""]"
Check_for_system_updates,"[""Click on 'android:id/title' System 'android:id/summary' Languages, gestures, time, backup"", ""Click on 'android:id/title' Advanced 'android:id/summary' Reset options, Multiple users, System update"", ""Click on 'android:id/title' System update 'android:id/summary' Updated to Android 11""]"
Set_chrome_as_the_default_browser,"[""Click on clickable 'android:id/title' Apps & notifications 'android:id/summary' Recent apps, default apps"", ""Click on clickable 'android:id/title' Advanced 'android:id/summary' Default apps, Permission manager, Wireless emergency alerts, Special app access"", ""Click on clickable 'android:id/title' Default apps 'android:id/summary' WebView Shell, Phone, and Messages"", ""Click on clickable 'android:id/title' Browser app 'android:id/summary' WebView Shell"", ""Click on clickable 'com.android.permissioncontroller:id/radio_button' enabled not_checked 'android:id/title' Chrome"", ""Click on 'Navigate up' enabled clickable""]"
Turn_mobile_data_on,"[""Click on 'android:id/title' Network & internet 'android:id/summary' Wi‑Fi, mobile, data usage, and hotspot"", ""Click on 'android:id/title' Mobile network 'android:id/summary' T-Mobile""]"
Enable_snoozing_for_notifications_in_phone_settings.,"[""Click on clickable 'android:id/title' Apps & notifications 'android:id/summary' Recent apps, default apps"", ""Click on clickable 'android:id/title' Notifications 'android:id/summary' Notification history, bubbles, recently sent"", 'Scroll forward on androidx.recyclerview.widget.RecyclerView', ""Click on clickable 'android:id/title' Advanced 'android:id/summary' Hide silent notifications in status bar, Allow notification snoozing, Suggested actions and replies, Notification dot on app icon, Default notification sound, Do Not Disturb"", 'Scroll forward on androidx.recyclerview.widget.RecyclerView', ""Click on clickable 'android:id/title' Allow notification snoozing 'android:id/switch_widget' clickable Off""]"
