Task,Knowledge,Page
Check_if_mobile_data_is_turned_on,"Prioritize elements directly related to the user's task, such as 'Mobile network' when the task is to check mobile data status.","['Network & internet', ""'Wi‑Fi' 'android:id/title' Wi‑Fi 'android:id/summary' Off 'com.android.settings:id/switchWidget' clickable Off"", ""'android:id/title' Mobile network 'android:id/summary' T-Mobile"", ""'android:id/title' Airplane mode 'android:id/switch_widget' clickable On"", ""'android:id/title' Mobile plan"", ""'android:id/title' Hotspot & tethering 'android:id/summary' Off"", ""'android:id/title' Advanced 'android:id/summary' Data Saver, VPN, Private DNS""]"
Automatically_free_up_storage_space,"When navigating to settings related to the task, such as 'Storage', avoid unnecessary navigation back unless a clear error is identified.","['Storage', ""'android:id/title' DEVICE STORAGE"", ""'android:id/title' 2.10 GB 'android:id/summary' Total used of 8.00 GB"", ""'android:id/title' Internal shared storage 'android:id/summary' 2.10 GB used of 8.00 GB"", ""'android:id/title' PORTABLE STORAGE"", ""'Eject' 'android:id/title' SDCARD 'android:id/summary' 55.30 kB used of 535 MB 'com.android.settings:id/unmount' 'Eject'""]"
Enable_colour_inversion_in_the_device's_Accessibility_settings,Prioritize clicking on options that directly mention task-related settings ('Color inversion') over continuing to scroll.,"['Accessibility', 'androidx.recyclerview.widget.RecyclerView', ' ', ""'android:id/title' System navigation 'android:id/summary' 3-button navigation"", ""'android:id/title' AUDIO & ON-SCREEN TEXT"", ""'android:id/title' Mono audio 'android:id/summary' Combine channels when playing audio 'android:id/switch_widget' clickable Off"", ""'android:id/title' Audio balance"", ""'com.android.settings:id/left_text' Left"", ""'com.android.settings:id/right_text' Right"", ""'android:id/title' Caption preferences 'android:id/summary' Off"", ""'android:id/title' EXPERIMENTAL"", ""'android:id/title' High contrast text 'android:id/switch_widget' clickable Off"", ""'android:id/title' Advanced 'android:id/summary' Color correction, Color inversion, Shortcut from lock screen""]"
Open_the_keyboard_sounds_and_vibrations_settings_on_your_phone,Continuous scrolling without new UI elements appearing suggests the end of a list. The agent should learn to recognize the end of scrollable content and consider other actions.,"['Sound', 'androidx.recyclerview.widget.RecyclerView', ""'android:id/title' Phone ringtone 'android:id/summary' Flutey Phone"", ""'android:id/title' Default notification sound 'android:id/summary' Pixie Dust"", ""'android:id/title' Default alarm sound 'android:id/summary' Cesium"", ""'android:id/title' OTHER SOUNDS AND VIBRATIONS"", ""'android:id/title' Dial pad tones 'android:id/switch_widget' clickable On"", ""'android:id/title' Screen locking sound 'android:id/switch_widget' clickable On"", ""'android:id/title' Charging sounds and vibration 'android:id/switch_widget' clickable On"", ""'android:id/title' Touch sounds 'android:id/switch_widget' clickable On"", ""'android:id/title' Touch vibration 'android:id/summary' Haptic feedback for tap, keyboard, and more 'android:id/switch_widget' clickable On""]"
Turn_on_the_hotspot_on_your_phone,"The agent should prioritize elements directly related to the task, such as 'Hotspot & tethering' and 'Wi-Fi hotspot', over other controls like volume or security settings.","['Storage', ""'android:id/title' DEVICE STORAGE"", ""'android:id/title' 2.11 GB 'android:id/summary' Total used of 8.00 GB"", ""'android:id/title' Internal shared storage 'android:id/summary' 2.11 GB used of 8.00 GB"", ""'android:id/title' PORTABLE STORAGE"", ""'Eject' 'android:id/title' SDCARD 'android:id/summary' 55.30 kB used of 535 MB 'com.android.settings:id/unmount' 'Eject'""]"
Turn_on_severe_threats_in_wireless_emergency_alerts_on_your_phone,"When tasked with enabling specific system features, the agent should assess the relevance of each settings category to the task and avoid sections that are unlikely to contain the required settings.","['android.widget.ScrollView', 'clickable', ""clickable 'android:id/title' Sound 'android:id/summary' Volume, vibration, Do Not Disturb"", ""clickable 'android:id/title' Storage 'android:id/summary' 26% used - 5.89 GB free"", ""clickable 'android:id/title' Privacy 'android:id/summary' Permissions, account activity, personal data"", ""clickable 'android:id/title' Location 'android:id/summary' On - 1 app has access to location"", ""clickable 'android:id/title' Security 'android:id/summary' Screen lock, fingerprint"", ""clickable 'android:id/title' Accounts 'android:id/summary' No accounts added"", ""clickable 'android:id/title' Accessibility 'android:id/summary' Screen readers, display, interaction controls"", ""clickable 'android:id/title' Google 'android:id/summary' Services & preferences"", ""clickable 'android:id/title' System 'android:id/summary' Languages, gestures, time, backup""]"
Enable_the_'Turn_on_Wi-Fi_automatically'_feature_in_the_phone's_network_preference,"When the task involves changing a specific setting like 'Turn on Wi-Fi automatically', the AI should prioritize selections that lead directly to Wi-Fi settings over general 'Advanced' settings sections.","['Network & internet', ""'Wi‑Fi' 'android:id/title' Wi‑Fi 'android:id/summary' Not connected 'com.android.settings:id/switchWidget' clickable On"", ""'android:id/title' Mobile network 'android:id/summary' T-Mobile"", ""'android:id/title' Airplane mode 'android:id/switch_widget' clickable Off"", ""'android:id/title' Mobile plan"", ""'android:id/title' Hotspot & tethering 'android:id/summary' Off"", ""'android:id/title' Advanced 'android:id/summary' Data Saver, VPN, Private DNS""]"
Set_a_data_warning_to_receive_alerts_about_data_usage,Prioritize UI elements that directly relate to data usage and warnings when the task is to set a data warning.,"['Network & internet', ""'Wi‑Fi' 'android:id/title' Wi‑Fi 'android:id/summary' Not connected 'com.android.settings:id/switchWidget' clickable On"", ""'android:id/title' Mobile network 'android:id/summary' T-Mobile"", ""'android:id/title' Airplane mode 'android:id/switch_widget' clickable Off"", ""'android:id/title' Mobile plan"", ""'android:id/title' Hotspot & tethering 'android:id/summary' Off"", ""'android:id/title' Advanced 'android:id/summary' Data Saver, VPN, Private DNS""]"
Open_the_interrupt_settings_for_the_'Do_Not_Disturb'_mode_on_an_Android_phone,"When tasked with accessing interrupt settings within 'Do Not Disturb', prioritize 'Alarms & other interruptions' over options like 'People' or 'Apps', as interrupt settings are commonly associated with alarms and media.","['Do Not Disturb', 'androidx.recyclerview.widget.RecyclerView', 'Only get notified by important people and apps', ""'com.android.settings:id/zen_mode_settings_turn_on_button' TURN ON NOW"", ""'android:id/title' WHAT CAN INTERRUPT DO NOT DISTURB"", ""'android:id/title' People 'android:id/summary' Some people can interrupt"", ""'android:id/title' Apps 'android:id/summary' No apps can interrupt"", ""'android:id/title' Alarms & other interruptions 'android:id/summary' Alarms and media can interrupt"", ""'android:id/title' Schedules 'android:id/summary' 1 schedule set"", ""'android:id/title' Advanced""]"
Disable_Camera's_permission_access_to_Microphone_in_setting,"In the context of permission management, prioritize the specific permission mentioned in the task over other permissions that are also present on the screen.","['Permission manager', 'androidx.recyclerview.widget.RecyclerView', ""'android:id/summary' 5 of 9 apps allowed"", ""'android:id/title' Files and media 'android:id/summary' 4 of 9 apps allowed"", ""'android:id/title' Location 'android:id/summary' 1 of 6 apps allowed"", ""'android:id/title' Microphone 'android:id/summary' 2 of 6 apps allowed"", ""'android:id/title' Phone 'android:id/summary' 5 of 6 apps allowed"", ""'android:id/title' Physical activity 'android:id/summary' 1 of 1 apps allowed"", ""'android:id/title' SMS 'android:id/summary' 2 of 2 apps allowed"", ""'android:id/title' Additional permissions 'android:id/summary' 3 more""]"
