Task,Knowledge,Page
Enable_colour_inversion_in_the_device's_Accessibility_settings,The 'Advanced' option within Accessibility settings often contains additional settings such as 'Color inversion' relevant to the task.,"['Accessibility', 'androidx.recyclerview.widget.RecyclerView', ' ', ""'android:id/title' System navigation 'android:id/summary' 3-button navigation"", ""'android:id/title' AUDIO & ON-SCREEN TEXT"", ""'android:id/title' Mono audio 'android:id/summary' Combine channels when playing audio 'android:id/switch_widget' clickable Off"", ""'android:id/title' Audio balance"", ""'com.android.settings:id/left_text' Left"", ""'com.android.settings:id/right_text' Right"", ""'android:id/title' Caption preferences 'android:id/summary' Off"", ""'android:id/title' EXPERIMENTAL"", ""'android:id/title' High contrast text 'android:id/switch_widget' clickable Off"", ""'android:id/title' Advanced 'android:id/summary' Color correction, Color inversion, Shortcut from lock screen""]"
Open_the_keyboard_sounds_and_vibrations_settings_on_your_phone,"When the task is to access specific settings like keyboard sounds and vibrations, the agent should prioritize exploring sections labeled 'Advanced' or similarly indicative of additional settings.","['Sound', 'androidx.recyclerview.widget.RecyclerView', ""'android:id/title' Alarm volume"", ""'android:id/title' Vibrate for calls 'android:id/summary' Never vibrate"", ""'android:id/title' Do Not Disturb 'android:id/summary' Off / 1 schedule can turn on automatically"", ""'android:id/title' Media 'android:id/summary' Show player"", ""'android:id/title' Shortcut to prevent ringing 'android:id/summary' On (vibrate)"", ""'android:id/title' Phone ringtone 'android:id/summary' Flutey Phone"", ""'android:id/title' Advanced 'android:id/summary' Default notification sound, Default alarm sound, Other sounds and vibrations""]"
Open_the_keyboard_sounds_and_vibrations_settings_on_your_phone,The agent should understand that toggling switches does not navigate to new pages and should prioritize scroll actions or clicks that lead to new settings pages.,"['Sound', 'androidx.recyclerview.widget.RecyclerView', ""'android:id/title' Phone ringtone 'android:id/summary' Flutey Phone"", ""'android:id/title' Default notification sound 'android:id/summary' Pixie Dust"", ""'android:id/title' Default alarm sound 'android:id/summary' Cesium"", ""'android:id/title' OTHER SOUNDS AND VIBRATIONS"", ""'android:id/title' Dial pad tones 'android:id/switch_widget' clickable On"", ""'android:id/title' Screen locking sound 'android:id/switch_widget' clickable On"", ""'android:id/title' Charging sounds and vibration 'android:id/switch_widget' clickable On"", ""'android:id/title' Touch sounds 'android:id/switch_widget' clickable On"", ""'android:id/title' Touch vibration 'android:id/summary' Haptic feedback for tap, keyboard, and more 'android:id/switch_widget' clickable On""]"
Turn_on_the_hotspot_on_your_phone,"To enable the hotspot feature, the agent should navigate to the 'Network & internet' settings rather than other unrelated settings like 'Accessibility', 'Google', or 'System'.","['Storage', ""'android:id/title' DEVICE STORAGE"", ""'android:id/title' 2.11 GB 'android:id/summary' Total used of 8.00 GB"", ""'android:id/title' Internal shared storage 'android:id/summary' 2.11 GB used of 8.00 GB"", ""'android:id/title' PORTABLE STORAGE"", ""'Eject' 'android:id/title' SDCARD 'android:id/summary' 55.30 kB used of 535 MB 'com.android.settings:id/unmount' 'Eject'""]"
Turn_on_the_hotspot_on_your_phone,"Within 'Network & internet', the correct path is to select 'Hotspot & tethering' to access hotspot options.","['Storage', ""'android:id/title' DEVICE STORAGE"", ""'android:id/title' 2.11 GB 'android:id/summary' Total used of 8.00 GB"", ""'android:id/title' Internal shared storage 'android:id/summary' 2.11 GB used of 8.00 GB"", ""'android:id/title' PORTABLE STORAGE"", ""'Eject' 'android:id/title' SDCARD 'android:id/summary' 55.30 kB used of 535 MB 'com.android.settings:id/unmount' 'Eject'""]"
Turn_on_the_hotspot_on_your_phone,"From 'Hotspot & tethering', the agent must select 'Wi-Fi hotspot' to find the toggle switch for enabling the hotspot.","['Storage', ""'android:id/title' DEVICE STORAGE"", ""'android:id/title' 2.11 GB 'android:id/summary' Total used of 8.00 GB"", ""'android:id/title' Internal shared storage 'android:id/summary' 2.11 GB used of 8.00 GB"", ""'android:id/title' PORTABLE STORAGE"", ""'Eject' 'android:id/title' SDCARD 'android:id/summary' 55.30 kB used of 535 MB 'com.android.settings:id/unmount' 'Eject'""]"
Turn_on_severe_threats_in_wireless_emergency_alerts_on_your_phone,"For tasks related to emergency alerts, the agent should prioritize settings related to notifications, sound, or security, rather than accessibility settings, which are more focused on user interface and interaction adjustments.","['android.widget.ScrollView', 'clickable', ""clickable 'android:id/title' Sound 'android:id/summary' Volume, vibration, Do Not Disturb"", ""clickable 'android:id/title' Storage 'android:id/summary' 26% used - 5.89 GB free"", ""clickable 'android:id/title' Privacy 'android:id/summary' Permissions, account activity, personal data"", ""clickable 'android:id/title' Location 'android:id/summary' On - 1 app has access to location"", ""clickable 'android:id/title' Security 'android:id/summary' Screen lock, fingerprint"", ""clickable 'android:id/title' Accounts 'android:id/summary' No accounts added"", ""clickable 'android:id/title' Accessibility 'android:id/summary' Screen readers, display, interaction controls"", ""clickable 'android:id/title' Google 'android:id/summary' Services & preferences"", ""clickable 'android:id/title' System 'android:id/summary' Languages, gestures, time, backup""]"
Enable_the_'Turn_on_Wi-Fi_automatically'_feature_in_the_phone's_network_preference,"The 'Advanced' section in the 'Network & internet' settings may not always contain the 'Turn on Wi-Fi automatically' feature, and the AI should predict the presence of Wi-Fi-specific settings within the 'Wi-Fi' section itself.","['Network & internet', ""'Wi‑Fi' 'android:id/title' Wi‑Fi 'android:id/summary' Not connected 'com.android.settings:id/switchWidget' clickable On"", ""'android:id/title' Mobile network 'android:id/summary' T-Mobile"", ""'android:id/title' Airplane mode 'android:id/switch_widget' clickable Off"", ""'android:id/title' Mobile plan"", ""'android:id/title' Hotspot & tethering 'android:id/summary' Off"", ""'android:id/title' Advanced 'android:id/summary' Data Saver, VPN, Private DNS""]"
Change_the_phone_ringtong,"After selecting an option from a list, the agent should look for and interact with a confirmation element to complete the task.","[""'android:id/alertTitle' Phone ringtone"", 'android.widget.ListView', ""Flutey Phone 'com.android.soundpicker:id/checked_text_view' Flutey Phone On"", ""Free Flight 'com.android.soundpicker:id/checked_text_view' Free Flight Off"", ""Friendly Ghost 'com.android.soundpicker:id/checked_text_view' Friendly Ghost Off"", ""Funk Y'all 'com.android.soundpicker:id/checked_text_view' Funk Y'all Off"", ""Game Over Guitar 'com.android.soundpicker:id/checked_text_view' Game Over Guitar Off"", ""Gimme Mo' Town 'com.android.soundpicker:id/checked_text_view' Gimme Mo' Town Off"", ""Girtab 'com.android.soundpicker:id/checked_text_view' Girtab Off"", ""Glacial Groove 'com.android.soundpicker:id/checked_text_view' Glacial Groove Off"", ""Growl 'com.android.soundpicker:id/checked_text_view' Growl Off"", ""Halfway Home 'com.android.soundpicker:id/checked_text_view' Halfway Home Off"", ""Hydra 'com.android.soundpicker:id/checked_text_view' Hydra Off"", ""'android:id/button2' CANCEL"", ""'android:id/button1' OK""]"
Turn_the_printing_service_on_in_connected_devices_settings_on_your_phone,"When looking to change settings related to device connectivity, prioritize options such as 'Connection preferences' which typically house a variety of settings including printing services.","['Connected devices', 'androidx.recyclerview.widget.RecyclerView', ""clickable 'android:id/title' Pair new device 'android:id/summary' Bluetooth will turn on to pair"", ""clickable 'android:id/title' Connection preferences 'android:id/summary' Bluetooth"", ""'android:id/title' Turn on Bluetooth to connect to other devices.""]"
Reset_all_network_settings_on_the_phone,"The 'Advanced' option within 'Network & internet' does not lead to 'Reset options'. Instead, access 'Reset options' from the 'System' category on the main settings page.","['android.widget.ScrollView', ""clickable 'android:id/title' Network & internet 'android:id/summary' Wi‑Fi, mobile, data usage, and hotspot"", ""clickable 'android:id/title' Connected devices 'android:id/summary' Bluetooth, Android Auto"", ""clickable 'android:id/title' Apps & notifications 'android:id/summary' Recent apps, default apps"", ""clickable 'android:id/title' Battery 'android:id/summary' 100%"", ""clickable 'android:id/title' Display 'android:id/summary' Wallpaper, sleep, font size"", ""clickable 'android:id/title' Sound 'android:id/summary' Volume, vibration, Do Not Disturb"", ""clickable 'android:id/title' Storage 'android:id/summary' 38% used - 4.97 GB free"", ""clickable 'android:id/title' Privacy 'android:id/summary' Permissions, account activity, personal data"", ""clickable 'android:id/title' Location 'android:id/summary' On - 4 apps have access to location""]"
