Task,Knowledge,Page
Check_if_mobile_data_is_turned_on,"Avoid repeating an action that does not lead to UI changes that progress the task, such as mistakenly toggling 'Airplane mode' when checking for mobile data status.","['Network & internet', ""'Wi‑Fi' 'android:id/title' Wi‑Fi 'android:id/summary' Off 'com.android.settings:id/switchWidget' clickable Off"", ""'android:id/title' Mobile network 'android:id/summary' T-Mobile"", ""'android:id/title' Airplane mode 'android:id/switch_widget' clickable On"", ""'android:id/title' Mobile plan"", ""'android:id/title' Hotspot & tethering 'android:id/summary' Off"", ""'android:id/title' Advanced 'android:id/summary' Data Saver, VPN, Private DNS""]"
Automatically_free_up_storage_space,"Upon reaching a settings page with an option to toggle a feature (e.g., 'Storage manager'), proceed to interact with the switch or button to complete the task.","['Storage', 'androidx.recyclerview.widget.RecyclerView', ""'android:id/title' 2.10 GB"", ""'android:id/summary' Used of 8.0 GB"", ""'com.android.settings:id/deletion_helper_button' MANAGE STORAGE"", ""'Storage manager' 'android:id/title' Storage manager 'com.android.settings:id/switchWidget' clickable Off"", ""'android:id/title' Photos & videos 'android:id/summary' 0.00 GB"", ""'android:id/title' Music & audio 'android:id/summary' 0.00 GB"", ""'android:id/title' Games 'android:id/summary' 0.00 GB"", ""'android:id/title' Movie & TV apps 'android:id/summary' 0.00 GB"", ""'android:id/title' Other apps 'android:id/summary' 0.09 GB""]"
Enable_colour_inversion_in_the_device's_Accessibility_settings,"If an option leading to the required setting is visible ('Advanced'), select it to proceed with the task rather than performing other actions.","['Accessibility', 'androidx.recyclerview.widget.RecyclerView', ' ', ""'android:id/title' System navigation 'android:id/summary' 3-button navigation"", ""'android:id/title' AUDIO & ON-SCREEN TEXT"", ""'android:id/title' Mono audio 'android:id/summary' Combine channels when playing audio 'android:id/switch_widget' clickable Off"", ""'android:id/title' Audio balance"", ""'com.android.settings:id/left_text' Left"", ""'com.android.settings:id/right_text' Right"", ""'android:id/title' Caption preferences 'android:id/summary' Off"", ""'android:id/title' EXPERIMENTAL"", ""'android:id/title' High contrast text 'android:id/switch_widget' clickable Off"", ""'android:id/title' Advanced 'android:id/summary' Color correction, Color inversion, Shortcut from lock screen""]"
Open_the_keyboard_sounds_and_vibrations_settings_on_your_phone,"If the agent encounters a UI element that toggles a setting on and off, such as a switch for 'Touch vibration', and the task is not yet marked as completed, it should continue to explore the UI for additional related settings instead of toggling the same switch.","['Sound', 'androidx.recyclerview.widget.RecyclerView', ""'android:id/title' Phone ringtone 'android:id/summary' Flutey Phone"", ""'android:id/title' Default notification sound 'android:id/summary' Pixie Dust"", ""'android:id/title' Default alarm sound 'android:id/summary' Cesium"", ""'android:id/title' OTHER SOUNDS AND VIBRATIONS"", ""'android:id/title' Dial pad tones 'android:id/switch_widget' clickable On"", ""'android:id/title' Screen locking sound 'android:id/switch_widget' clickable On"", ""'android:id/title' Charging sounds and vibration 'android:id/switch_widget' clickable On"", ""'android:id/title' Touch sounds 'android:id/switch_widget' clickable On"", ""'android:id/title' Touch vibration 'android:id/summary' Haptic feedback for tap, keyboard, and more 'android:id/switch_widget' clickable On""]"
Open_the_keyboard_sounds_and_vibrations_settings_on_your_phone,"When the agent reaches a UI screen that appears to be the same as the previous one after a scroll action, it should recognize this as an ineffective action and consider navigating back or trying other actions.","['Sound', 'androidx.recyclerview.widget.RecyclerView', ""'android:id/title' Phone ringtone 'android:id/summary' Flutey Phone"", ""'android:id/title' Default notification sound 'android:id/summary' Pixie Dust"", ""'android:id/title' Default alarm sound 'android:id/summary' Cesium"", ""'android:id/title' OTHER SOUNDS AND VIBRATIONS"", ""'android:id/title' Dial pad tones 'android:id/switch_widget' clickable On"", ""'android:id/title' Screen locking sound 'android:id/switch_widget' clickable On"", ""'android:id/title' Charging sounds and vibration 'android:id/switch_widget' clickable On"", ""'android:id/title' Touch sounds 'android:id/switch_widget' clickable On"", ""'android:id/title' Touch vibration 'android:id/summary' Haptic feedback for tap, keyboard, and more 'android:id/switch_widget' clickable On""]"
Turn_on_the_hotspot_on_your_phone,"The agent should confirm the completion of the task only when the 'Wi-Fi hotspot' switch state changes to 'On', indicating that the hotspot is active.","['android.widget.ScrollView', ""'android:id/summary' Volume, vibration, Do Not Disturb"", ""'android:id/title' Storage 'android:id/summary' 26% used - 5.89 GB free"", ""'android:id/title' Privacy 'android:id/summary' Permissions, account activity, personal data"", ""'android:id/title' Location 'android:id/summary' On - 0 apps have access to location"", ""'android:id/title' Security 'android:id/summary' Screen lock, fingerprint"", ""'android:id/title' Accounts 'android:id/summary' No accounts added"", ""'android:id/title' Accessibility 'android:id/summary' Screen readers, display, interaction controls"", ""'android:id/title' Google 'android:id/summary' Services & preferences"", ""'android:id/title' System 'android:id/summary' Languages, gestures, time, backup""]"
Check_if_mobile_data_is_turned_on,"Avoid repeating an action that does not lead to UI changes that progress the task, such as mistakenly toggling 'Airplane mode' when checking for mobile data status.","['Network & internet', ""'Wi‑Fi' 'android:id/title' Wi‑Fi 'android:id/summary' Off 'com.android.settings:id/switchWidget' clickable Off"", ""'android:id/title' Mobile network 'android:id/summary' T-Mobile"", ""'android:id/title' Airplane mode 'android:id/switch_widget' clickable On"", ""'android:id/title' Mobile plan"", ""'android:id/title' Hotspot & tethering 'android:id/summary' Off"", ""'android:id/title' Advanced 'android:id/summary' Data Saver, VPN, Private DNS""]"
Automatically_free_up_storage_space,"Upon reaching a settings page with an option to toggle a feature (e.g., 'Storage manager'), proceed to interact with the switch or button to complete the task.","['Storage', 'androidx.recyclerview.widget.RecyclerView', ""'android:id/title' 2.10 GB"", ""'android:id/summary' Used of 8.0 GB"", ""'com.android.settings:id/deletion_helper_button' MANAGE STORAGE"", ""'Storage manager' 'android:id/title' Storage manager 'com.android.settings:id/switchWidget' clickable Off"", ""'android:id/title' Photos & videos 'android:id/summary' 0.00 GB"", ""'android:id/title' Music & audio 'android:id/summary' 0.00 GB"", ""'android:id/title' Games 'android:id/summary' 0.00 GB"", ""'android:id/title' Movie & TV apps 'android:id/summary' 0.00 GB"", ""'android:id/title' Other apps 'android:id/summary' 0.09 GB""]"
Enable_colour_inversion_in_the_device's_Accessibility_settings,"If an option leading to the required setting is visible ('Advanced'), select it to proceed with the task rather than performing other actions.","['Accessibility', 'androidx.recyclerview.widget.RecyclerView', ' ', ""'android:id/title' System navigation 'android:id/summary' 3-button navigation"", ""'android:id/title' AUDIO & ON-SCREEN TEXT"", ""'android:id/title' Mono audio 'android:id/summary' Combine channels when playing audio 'android:id/switch_widget' clickable Off"", ""'android:id/title' Audio balance"", ""'com.android.settings:id/left_text' Left"", ""'com.android.settings:id/right_text' Right"", ""'android:id/title' Caption preferences 'android:id/summary' Off"", ""'android:id/title' EXPERIMENTAL"", ""'android:id/title' High contrast text 'android:id/switch_widget' clickable Off"", ""'android:id/title' Advanced 'android:id/summary' Color correction, Color inversion, Shortcut from lock screen""]"
Open_the_keyboard_sounds_and_vibrations_settings_on_your_phone,"If the agent encounters a UI element that toggles a setting on and off, such as a switch for 'Touch vibration', and the task is not yet marked as completed, it should continue to explore the UI for additional related settings instead of toggling the same switch.","['Sound', 'androidx.recyclerview.widget.RecyclerView', ""'android:id/title' Phone ringtone 'android:id/summary' Flutey Phone"", ""'android:id/title' Default notification sound 'android:id/summary' Pixie Dust"", ""'android:id/title' Default alarm sound 'android:id/summary' Cesium"", ""'android:id/title' OTHER SOUNDS AND VIBRATIONS"", ""'android:id/title' Dial pad tones 'android:id/switch_widget' clickable On"", ""'android:id/title' Screen locking sound 'android:id/switch_widget' clickable On"", ""'android:id/title' Charging sounds and vibration 'android:id/switch_widget' clickable On"", ""'android:id/title' Touch sounds 'android:id/switch_widget' clickable On"", ""'android:id/title' Touch vibration 'android:id/summary' Haptic feedback for tap, keyboard, and more 'android:id/switch_widget' clickable On""]"
Open_the_keyboard_sounds_and_vibrations_settings_on_your_phone,"When the agent reaches a UI screen that appears to be the same as the previous one after a scroll action, it should recognize this as an ineffective action and consider navigating back or trying other actions.","['Sound', 'androidx.recyclerview.widget.RecyclerView', ""'android:id/title' Phone ringtone 'android:id/summary' Flutey Phone"", ""'android:id/title' Default notification sound 'android:id/summary' Pixie Dust"", ""'android:id/title' Default alarm sound 'android:id/summary' Cesium"", ""'android:id/title' OTHER SOUNDS AND VIBRATIONS"", ""'android:id/title' Dial pad tones 'android:id/switch_widget' clickable On"", ""'android:id/title' Screen locking sound 'android:id/switch_widget' clickable On"", ""'android:id/title' Charging sounds and vibration 'android:id/switch_widget' clickable On"", ""'android:id/title' Touch sounds 'android:id/switch_widget' clickable On"", ""'android:id/title' Touch vibration 'android:id/summary' Haptic feedback for tap, keyboard, and more 'android:id/switch_widget' clickable On""]"
Turn_on_the_hotspot_on_your_phone,"The agent should confirm the completion of the task only when the 'Wi-Fi hotspot' switch state changes to 'On', indicating that the hotspot is active.","['android.widget.ScrollView', ""'android:id/summary' Volume, vibration, Do Not Disturb"", ""'android:id/title' Storage 'android:id/summary' 26% used - 5.89 GB free"", ""'android:id/title' Privacy 'android:id/summary' Permissions, account activity, personal data"", ""'android:id/title' Location 'android:id/summary' On - 0 apps have access to location"", ""'android:id/title' Security 'android:id/summary' Screen lock, fingerprint"", ""'android:id/title' Accounts 'android:id/summary' No accounts added"", ""'android:id/title' Accessibility 'android:id/summary' Screen readers, display, interaction controls"", ""'android:id/title' Google 'android:id/summary' Services & preferences"", ""'android:id/title' System 'android:id/summary' Languages, gestures, time, backup""]"
Turn_on_severe_threats_in_wireless_emergency_alerts_on_your_phone,Emergency alerts settings are often found within notification or sound settings and should be prioritized over other categories for related tasks.,"['android.widget.ScrollView', 'clickable', ""clickable 'android:id/title' Sound 'android:id/summary' Volume, vibration, Do Not Disturb"", ""clickable 'android:id/title' Storage 'android:id/summary' 26% used - 5.89 GB free"", ""clickable 'android:id/title' Privacy 'android:id/summary' Permissions, account activity, personal data"", ""clickable 'android:id/title' Location 'android:id/summary' On - 1 app has access to location"", ""clickable 'android:id/title' Security 'android:id/summary' Screen lock, fingerprint"", ""clickable 'android:id/title' Accounts 'android:id/summary' No accounts added"", ""clickable 'android:id/title' Accessibility 'android:id/summary' Screen readers, display, interaction controls"", ""clickable 'android:id/title' Google 'android:id/summary' Services & preferences"", ""clickable 'android:id/title' System 'android:id/summary' Languages, gestures, time, backup""]"
Enable_the_'Turn_on_Wi-Fi_automatically'_feature_in_the_phone's_network_preference,"If an action taken does not progress towards the goal, such as enabling a Wi-Fi setting, the AI should recognize this as a wrong decision and navigate back to explore alternative paths.","['Network & internet', ""'Wi‑Fi' 'android:id/title' Wi‑Fi 'android:id/summary' Not connected 'com.android.settings:id/switchWidget' clickable On"", ""'android:id/title' Mobile network 'android:id/summary' T-Mobile"", ""'android:id/title' Airplane mode 'android:id/switch_widget' clickable Off"", ""'android:id/title' Mobile plan"", ""'android:id/title' Hotspot & tethering 'android:id/summary' Off"", ""'android:id/title' Data Saver 'android:id/summary' Off"", ""'android:id/title' VPN 'android:id/summary' None"", ""'android:id/title' Private DNS 'android:id/summary' Automatic""]"
Clear_cache_and_data_from_Google_Play_Services_on_your_device,"After clearing cache, the agent should verify the cache size and, if it is '0 B', proceed to clear storage/data instead of attempting to clear cache again.","['Storage', ""'com.android.settings:id/entity_header_content' 'com.android.settings:id/entity_header_title' Google Play services 'com.android.settings:id/entity_header_summary' 20.18.17 (040700-311416286)"", ""'com.android.settings:id/button1' CLEAR STORAGE"", ""'com.android.settings:id/button2' CLEAR CACHE"", ""'android:id/title' SPACE USED"", ""'android:id/title' App size"", ""'android:id/summary' 20.48 kB"", ""'android:id/title' User data"", ""'android:id/summary' 31.11 MB"", ""'android:id/title' Cache"", ""'android:id/summary' 532 kB"", ""'android:id/title' Total"", ""'android:id/summary' 31.66 MB""]"
Clear_cache_and_data_from_Google_Play_Services_on_your_device,"When the agent encounters a confirmation dialog after an action that leads to data loss, it should prioritize confirming the action to complete the task.","[""'android:id/alertTitle' Delete app data?"", ""'android:id/message' All this app's data will be deleted permanently. This includes all files, settings, accounts, databases, etc."", ""'android:id/button2' CANCEL"", ""'android:id/button1' OK""]"
